orthogroup,mutation_set,pdb_run,N_replicates,mean_ddG,sd_ddG,mutations_in_run
OG0028003,OG0028003__cereus_5087_to_fffd_36551__diff,OG0028003__cereus_5087_Repair,6,1.2486999999999988,1.2911735700516795,SA143G; RA157H; FA173V; IA223V; VA284I; AA368V;
OG0028003,OG0028003__cereus_5087_to_fffe_39917__diff,OG0028003__cereus_5087_Repair,7,1.1430142857142844,1.285160727209599,RA157H; FA173V; IA223V; PA275L; VA284I; SA349G; AA368V;
OG0028003,OG0028003__cereus_5087_to_ffff_61238__diff,OG0028003__cereus_5087_Repair,8,0.5089999999999995,1.8260743647820823,EA4G; YA85C; SA153P; RA157H; FA173V; IA223V; AA368V; GA385S;
OG0028003,OG0028003__cereus_5087_to_fffg_73760__diff,OG0028003__cereus_5087_Repair,5,2.2604599999999992,2.3192895147005683,RA157H; FA173V; GA333V; KA338Q; AA368V;
OG0028003,OG0028003__cereus_5087_to_fffh_49579__diff,OG0028003__cereus_5087_Repair,4,1.4623749999999998,1.6020102400317755,RA157H; FA173V; AA209G; AA368V;
OG0028003,OG0028003__cereus_5087_to_fffi_71599__diff,OG0028003__cereus_5087_Repair,7,0.8500142857142856,1.48672661287426,DA109N; RA157H; FA173V; AA180N; AA209G; TA254S; AA368V;
OG0028976,OG0028976__cereus_19790_to_fffd_23291__diff,OG0028976__cereus_19790_Repair,118,1.7551872881355923,3.4600951776481574,AA7V; AA10P; PA12R; RA13K; GA14L; LA15W; WA16K; KA17L; LA18F; FA19S; SA20T; TA21S; SA22A; AA23F; FA24N; NA25F; FA26T; TA27P; PA30S; SA33Q; QA34S; PA36S; SA37A; AA38P; PA39S; PA41A; AA42E; EA43P; PA44S; SA45P; PA46N; NA47L; LA48F; FA49V; VA50S; SA51G; GA52L; LA53S; SA54R; RA56T; TA59E; EA60G; GA61L; LA62H; HA63E; EA64A; AA65F; FA66S; SA67K; KA68F; FA69G; GA70E; EA71V; VA73H; HA74A; AA75K; KA76V; VA78T; TA79D; DA80R; RA81V; VA82S; SA83G; GA84F; FA85S; SA86K; KA87G; GA88F; FA89G; GA90F; FA91V; VA92R; RA93Y; YA94A; AA95T; TA97E; EA99A; AA100R; RA101A; AA102G; GA103I; IA104Q; QA105G; GA106M; MA107D; DA108A; AA109K; KA110F; FA111L; LA112D; DA113G; GA114W; WA115V; VA116I; IA117F; FA118A; AA119E; EA120F; FA121A; AA122R; RA123P; PA124R; RA125P; PA128A; AA129T; TA130Q; QA131P; PA132S; SA133N; NA134G; GA135H; HA136P; PA138Y; YA139S; SA140T; TA141N; NA143R; RA144Q;
OG0028976,OG0028976__cereus_19790_to_fffe_19967__diff,OG0028976__cereus_19790_Repair,117,1.7533495726495714,3.4531014568521536,AA7V; AA10P; PA12R; RA13K; GA14L; LA15W; WA16K; KA17L; LA18F; FA19S; SA20T; TA21S; SA22A; AA23F; FA24N; NA25F; FA26T; TA27P; PA30S; SA33Q; QA34S; PA36S; SA37A; AA38P; PA41A; AA42E; EA43P; PA44S; SA45P; PA46N; NA47L; LA48F; FA49V; VA50S; SA51G; GA52L; LA53S; SA54R; RA56T; TA59E; EA60G; GA61L; LA62H; HA63E; EA64A; AA65F; FA66S; SA67K; KA68F; FA69G; GA70E; EA71V; VA73H; HA74A; AA75K; KA76V; VA78T; TA79D; DA80R; RA81V; VA82S; SA83G; GA84F; FA85S; SA86K; KA87G; GA88F; FA89G; GA90F; FA91V; VA92R; RA93Y; YA94A; AA95T; TA97E; EA99A; AA100R; RA101A; AA102G; GA103I; IA104Q; QA105G; GA106M; MA107D; DA108A; AA109K; KA110F; FA111L; LA112D; DA113G; GA114W; WA115V; VA116I; IA117F; FA118A; AA119E; EA120F; FA121A; AA122R; RA123P; PA124R; RA125P; PA128A; AA129T; TA130Q; QA131P; PA132S; SA133N; NA134G; GA135H; HA136P; PA138Y; YA139S; SA140T; TA141N; NA143R; RA144Q;
OG0028976,OG0028976__cereus_19790_to_ffff_12384__diff,OG0028976__cereus_19790_Repair,122,1.6363213114754098,3.6790831879477253,AA9P; AA10P; PA11R; PA12G; RA13L; GA14W; LA15K; WA16L; KA17F; LA18S; FA19T; TA21A; SA22F; AA23N; NA25T; FA26P; TA27P; PA28H; PA29S; PA30S; SA32Q; QA34S; PA36A; SA37P; AA38P; PA39A; PA40A; PA41E; AA42P; EA43S; SA45N; PA46L; NA47F; LA48V; FA49S; VA50G; SA51L; GA52S; LA53R; SA54R; RA55T; RA56T; TA58E; TA59G; EA60L; GA61H; LA62E; HA63A; EA64F; AA65S; FA66K; SA67F; KA68G; FA69E; GA70V; EA71V; VA72H; VA73A; HA74K; AA75V; KA76V; VA77T; VA78D; TA79R; DA80V; RA81S; VA82G; SA83F; GA84S; FA85K; SA86G; KA87F; GA90V; FA91R; VA92Y; RA93A; YA94T; AA95T; TA96E; TA97E; EA98A; EA99R; RA101G; AA102I; GA103Q; IA104G; QA105M; GA106D; MA107A; DA108K; AA109F; KA110L; FA111D; LA112G; DA113W; GA114V; WA115I; VA116F; IA117A; FA118E; AA119F; EA120A; FA121R; AA122P; RA125P; PA127A; PA128T; AA129Q; TA130P; QA131S; PA132N; SA133G; NA134H; GA135P; HA136P; PA137Y; PA138S; YA139T; SA140N; TA141N; NA142R; NA143Q;
OG0028976,OG0028976__cereus_19790_to_fffg_47024__diff,OG0028976__cereus_19790_Repair,117,1.7746444444444425,3.5014461571304394,AA10P; PA12R; RA13K; GA14L; LA15W; WA16K; KA17L; LA18F; FA19S; SA20T; TA21S; SA22A; AA23F; FA24N; NA25F; FA26T; TA27P; PA30S; SA33Q; QA34S; PA36S; SA37A; AA38P; PA40A; PA41A; AA42E; EA43P; PA44S; SA45P; PA46N; NA47L; LA48F; FA49V; VA50S; SA51G; GA52L; LA53S; SA54R; RA56T; TA59E; EA60G; GA61L; LA62H; HA63E; EA64A; AA65F; FA66S; SA67K; KA68F; FA69G; GA70E; EA71V; VA73H; HA74A; AA75K; KA76V; VA78T; TA79D; DA80R; RA81V; VA82S; SA83G; GA84F; FA85S; SA86K; KA87G; GA88F; FA89G; GA90F; FA91V; VA92R; RA93Y; YA94A; AA95T; TA97E; EA99A; AA100R; RA101A; AA102G; GA103I; IA104Q; QA105G; GA106M; MA107D; DA108A; AA109K; KA110F; FA111L; LA112D; DA113G; GA114W; WA115V; VA116I; IA117F; FA118A; AA119E; EA120F; FA121A; AA122R; RA123P; PA124R; RA125P; PA128A; AA129T; TA130Q; QA131P; PA132S; SA133N; NA134G; GA135H; HA136P; PA138Y; YA139S; SA140T; TA141N; NA143R; RA144Q;
OG0028976,OG0028976__cereus_19790_to_fffh_5761__diff,OG0028976__cereus_19790_Repair,119,1.6271378151260487,3.7054836094400807,AA9P; AA10P; PA11R; PA12G; RA13L; GA14W; LA15K; WA16L; KA17F; LA18S; FA19T; TA21A; SA22F; AA23N; NA25T; FA26P; TA27P; PA29S; PA30S; SA32Q; QA34S; SA35F; PA36A; SA37P; AA38P; PA40A; PA41E; AA42P; EA43S; SA45N; PA46L; NA47F; LA48V; FA49S; VA50G; SA51L; GA52S; LA53R; SA54R; RA55T; RA56T; TA58E; TA59G; EA60L; GA61H; LA62E; HA63A; EA64F; AA65S; FA66K; SA67F; KA68G; FA69E; GA70V; EA71V; VA72H; VA73A; HA74K; AA75V; KA76V; VA77T; VA78D; TA79R; DA80V; RA81S; VA82G; SA83F; GA84S; FA85K; SA86G; KA87F; GA90V; FA91R; VA92Y; RA93A; YA94T; AA95T; TA96E; TA97E; EA98A; EA99R; RA101G; AA102I; GA103Q; IA104G; QA105M; GA106D; MA107A; DA108K; AA109F; KA110L; FA111D; LA112G; DA113W; GA114V; WA115I; VA116F; IA117A; FA118E; AA119F; EA120A; FA121R; AA122P; RA125P; PA127A; PA128T; AA129Q; TA130P; QA131S; PA132N; SA133A; NA134R; GA135P; HA136P; PA137Y; PA138S; YA139A; SA140N; TA141N;
OG0028976,OG0028976__cereus_19790_to_fffi_25351__diff,OG0028976__cereus_19790_Repair,46,0.9031478260869561,2.038593113098577,AA9P; AA10P; PA11R; PA12G; RA13L; GA14W; LA15K; WA16L; KA17F; LA18S; FA19T; TA21A; SA22F; AA23N; NA25T; FA26P; TA27P; PA29S; PA30S; SA32Q; QA34P; PA36A; SA37P; AA38P; PA40A; PA41E; AA42P; EA43S; SA45N; PA46L; NA47F; LA48V; FA49S; VA50G; SA51L; GA52S; LA53R; SA54R; RA55T; RA56T; TA58E; TA59G; EA60L; GA61H; LA62E; HA63A; EA64F; AA65S; FA66K; SA67F; KA68G; FA69E; GA70V; EA71V; VA72H; VA73A; HA74K; AA75V; KA76V; VA77T; VA78D; TA79R; DA80V; RA81S; VA82G; SA83F; GA84S; FA85K; SA86G; KA87F; GA90V; FA91R; VA92Y; RA93A; YA94T; AA95T; TA96E; TA97E; EA98A; EA99R; RA101G; AA102I; GA103Q; IA104G; QA105M; GA106D; MA107A; DA108K; AA109F; KA110L; FA111D; LA112G; DA113W; GA114V; WA115I; VA116F; IA117A; FA118E; AA119F; EA120A; FA121R; AA122P; RA125P; PA127A; PA128T; AA129Q; TA130P; QA131S; PA132N; SA133G; NA134H; GA135P; HA136P; PA137Y; PA138S; YA139T; SA140N; TA141N; NA142R; NA143Q;
OG0029756,OG0029756__cereus_51133_to_fff3_31597__diff,OG0029756__cereus_51133_Repair,8,-0.04099999999998971,0.9992374235242725,SA6P; YA46F; IA134N; GA225S; PA227A; DA242G; PA264R; YA268D;
OG0029756,OG0029756__cereus_51133_to_fffd_22079__diff,OG0029756__cereus_51133_Repair,6,0.5746666666666727,1.1055924505289778,NA211S; GA225S; PA227A; DA242G; PA264R; YA268D;
OG0029756,OG0029756__cereus_51133_to_ffff_26018__diff,OG0029756__cereus_51133_Repair,130,0.18791538461539228,1.1616973216820892,SA6P; KA191G; GA192H; HA193K; KA194G; GA195N; NA197T; TA198N; NA199T; TA200A; AA201T; TA205S; SA206N; NA207D; DA208G; GA209D; DA210N; NA211D; DA212N; NA213D; DA214E; EA215S; SA216A; AA218Q; QA219P; PA220Q; QA222P; PA223N; NA224S; GA225A; PA227Q; QA228S; SA229T; TA230E; EA231S; SA232P; PA235Q; QA236P; PA237G; GA238E; EA239A; AA240P; PA241G; DA242P; PA243Y; YA244P; PA245N; NA246P; PA247S; SA248P; PA249S; SA250P; PA251D; DA252N; NA253M; MA254S; SA255P; PA257R; RA258H; HA259P; PA261N; NA263R; PA264V; VA265Y; YA266E; EA267D; YA268P; PA270A; AA271Y; YA273T; TA274P; PA278M; MA279Y; YA280G; GA281V; VA282S; SA283Y; YA284S; SA285T; TA286A; AA287Y; YA288P; PA289S; SA290Y; YA291T; TA292S; SA294Y; YA296S; SA297A; AA298P; PA301Y; YA302S; SA303Y; YA304A; AA305Y; YA306M; MA307H; HA308G; GA309A; AA310G; GA311V; VA312E; EA313P; PA317S; SA318D; DA319W; WA320D; DA321S; SA322T; TA323S; SA325Q; QA326P; PA327S; SA328D; DA329T; TA330F; FA331E; EA332M; MA333F; FA334S; SA335D; DA336E; EA337N; NA338P; PA339N; NA340A; AA341C; CA342S; SA343A; AA344M;
OG0029756,OG0029756__cereus_51133_to_fffg_67072__diff,OG0029756__cereus_51133_Repair,12,-0.01758333333332492,0.8253489023473937,PA131T; PA132Q; KA133N; IA134N; TA200A; TA202P; DA210N; PA227A; DA242G; PA264R; YA304S; MA307I;
OG0029756,OG0029756__cereus_51133_to_fffh_8507__diff,OG0029756__cereus_51133_Repair,1,0.5889999999999986,0.0,KA177E;
OG0029756,OG0029756__cereus_51133_to_fffi_13010__diff,OG0029756__cereus_51133_Repair,11,-0.045727272727271444,0.5808738401596479,KA177E; TA198S; TA200A; TA202P; DA210S; NA224S; PA227A; DA242G; PA264R; YA268D; MA307I;
OG0030099,OG0030099__cereus_76980_to_fffe_34513__diff,OG0030099__cereus_76980_Repair,13,0.4800769230769228,1.5232241464263918,LA50F; DA55V; RA91K; DA93N; SA218R; RA221W; RA222S; NA300D; SA325L; PA355A; TA377I; AA439N; WA440S;
OG0030099,OG0030099__cereus_76980_to_ffff_67669__diff,OG0030099__cereus_76980_Repair,8,-0.05561249999999962,1.0518211654588152,SA218R; RA221W; RA222S; NA300D; SA325L; PA355A; TA377I; AA439N;
OG0030099,OG0030099__cereus_76980_to_fffg_69053__diff,OG0030099__cereus_76980_Repair,7,3.893671428571429,8.314836930995558,LA50F; DA55V; RA91K; DA93N; CA210W; RA221W; NA300D;
OG0030099,OG0030099__cereus_76980_to_fffh_73284__diff,OG0030099__cereus_76980_Repair,8,3.3084125,8.035009240182706,CA36R; LA50F; DA55V; RA91K; DA93N; CA210W; RA221W; NA300D;
OG0030099,OG0030099__cereus_76980_to_fffi_66515__diff,OG0030099__cereus_76980_Repair,6,0.8141166666666662,1.8418495838875304,LA50F; DA55V; RA91K; DA93N; RA221W; NA300D;
